-- phpMyAdmin SQL Dump
-- version 5.2.1
-- https://www.phpmyadmin.net/
--
-- Host: 127.0.0.1
-- Tempo de geração: 22/08/2023 às 14:36
-- Versão do servidor: 10.4.28-MariaDB
-- Versão do PHP: 8.2.4

SET SQL_MODE = "NO_AUTO_VALUE_ON_ZERO";
START TRANSACTION;
SET time_zone = "+00:00";


/*!40101 SET @OLD_CHARACTER_SET_CLIENT=@@CHARACTER_SET_CLIENT */;
/*!40101 SET @OLD_CHARACTER_SET_RESULTS=@@CHARACTER_SET_RESULTS */;
/*!40101 SET @OLD_COLLATION_CONNECTION=@@COLLATION_CONNECTION */;
/*!40101 SET NAMES utf8mb4 */;

--
-- Banco de dados: `escola`
--
CREATE DATABASE IF NOT EXISTS `escola` DEFAULT CHARACTER SET utf8mb4 COLLATE utf8mb4_general_ci;
USE `escola`;

-- --------------------------------------------------------

--
-- Estrutura para tabela `alunos`
--

CREATE TABLE `alunos` (
  `id` tinyint(4) NOT NULL,
  `nome` varchar(50) NOT NULL,
  `data_nascimento` date NOT NULL,
  `primeira_nota` decimal(4,2) DEFAULT NULL,
  `segunda_nota` decimal(4,2) DEFAULT NULL,
  `curso_id` tinyint(4) NOT NULL
) ENGINE=InnoDB DEFAULT CHARSET=utf8mb4 COLLATE=utf8mb4_general_ci;

--
-- Despejando dados para a tabela `alunos`
--

INSERT INTO `alunos` (`id`, `nome`, `data_nascimento`, `primeira_nota`, `segunda_nota`, `curso_id`) VALUES
(1, 'Aicha Mubobo', '2000-05-15', 10.00, 10.00, 5),
(2, 'Adriana Manuel', '1995-12-14', 9.00, 8.00, 4),
(4, 'Anacleta Kiesse', '1985-04-14', 10.00, 10.00, 4),
(5, 'João Paulo', '2000-01-08', 10.00, 10.00, 2),
(6, 'Graciano Mangurra', '2000-03-13', 10.00, 10.00, 4),
(7, 'Ariel Ngurra', '2000-09-29', 10.00, 10.00, 1),
(8, 'Paulo Afonso', '1998-06-19', 4.00, 6.00, 1),
(9, 'Carlos Diogo', '1991-08-12', 3.00, 8.00, 2);

-- --------------------------------------------------------

--
-- Estrutura para tabela `cursos`
--

CREATE TABLE `cursos` (
  `id` tinyint(4) NOT NULL,
  `titulo` varchar(30) NOT NULL,
  `carga_horaria` tinyint(4) NOT NULL,
  `professor_id` tinyint(4) DEFAULT NULL
) ENGINE=InnoDB DEFAULT CHARSET=utf8mb4 COLLATE=utf8mb4_general_ci;

--
-- Despejando dados para a tabela `cursos`
--

INSERT INTO `cursos` (`id`, `titulo`, `carga_horaria`, `professor_id`) VALUES
(1, 'Front_End', 40, 10),
(2, 'Back_End', 80, 9),
(3, 'UX/UI Design', 30, 8),
(4, 'Adobe XD', 15, 7),
(5, 'Redes de Computadores', 100, 6);

-- --------------------------------------------------------

--
-- Estrutura para tabela `professores`
--

CREATE TABLE `professores` (
  `id` tinyint(4) NOT NULL,
  `nome` varchar(50) NOT NULL,
  `area_atuacao` enum('design','desenvolvimento','infra') NOT NULL,
  `curso_id` tinyint(4) NOT NULL
) ENGINE=InnoDB DEFAULT CHARSET=utf8mb4 COLLATE=utf8mb4_general_ci;

--
-- Despejando dados para a tabela `professores`
--

INSERT INTO `professores` (`id`, `nome`, `area_atuacao`, `curso_id`) VALUES
(6, 'Jon Oliva', 'infra', 5),
(7, 'Lemmy Kilmister', 'design', 4),
(8, 'Neil Peart', 'design', 3),
(9, 'Ozzy Osbourne', 'desenvolvimento', 2),
(10, 'David Gilmour', 'desenvolvimento', 1);

--
-- Índices para tabelas despejadas
--

--
-- Índices de tabela `alunos`
--
ALTER TABLE `alunos`
  ADD PRIMARY KEY (`id`),
  ADD KEY `fk_cursos` (`curso_id`);

--
-- Índices de tabela `cursos`
--
ALTER TABLE `cursos`
  ADD PRIMARY KEY (`id`),
  ADD KEY `fk_cursos_professores` (`professor_id`);

--
-- Índices de tabela `professores`
--
ALTER TABLE `professores`
  ADD PRIMARY KEY (`id`),
  ADD KEY `fk_professores_cursos` (`curso_id`);

--
-- AUTO_INCREMENT para tabelas despejadas
--

--
-- AUTO_INCREMENT de tabela `alunos`
--
ALTER TABLE `alunos`
  MODIFY `id` tinyint(4) NOT NULL AUTO_INCREMENT, AUTO_INCREMENT=11;

--
-- AUTO_INCREMENT de tabela `cursos`
--
ALTER TABLE `cursos`
  MODIFY `id` tinyint(4) NOT NULL AUTO_INCREMENT, AUTO_INCREMENT=6;

--
-- AUTO_INCREMENT de tabela `professores`
--
ALTER TABLE `professores`
  MODIFY `id` tinyint(4) NOT NULL AUTO_INCREMENT, AUTO_INCREMENT=11;

--
-- Restrições para tabelas despejadas
--

--
-- Restrições para tabelas `alunos`
--
ALTER TABLE `alunos`
  ADD CONSTRAINT `fk_cursos` FOREIGN KEY (`curso_id`) REFERENCES `cursos` (`id`);

--
-- Restrições para tabelas `cursos`
--
ALTER TABLE `cursos`
  ADD CONSTRAINT `fk_cursos_professores` FOREIGN KEY (`professor_id`) REFERENCES `professores` (`id`);

--
-- Restrições para tabelas `professores`
--
ALTER TABLE `professores`
  ADD CONSTRAINT `fk_professores_cursos` FOREIGN KEY (`curso_id`) REFERENCES `cursos` (`id`);
COMMIT;

/*!40101 SET CHARACTER_SET_CLIENT=@OLD_CHARACTER_SET_CLIENT */;
/*!40101 SET CHARACTER_SET_RESULTS=@OLD_CHARACTER_SET_RESULTS */;
/*!40101 SET COLLATION_CONNECTION=@OLD_COLLATION_CONNECTION */;
